t_s,T_C
0,89.58
1,89.56
2,89.55
3,89.54
4,89.52
5,89.52
6,89.51
7,89.52
8,89.5
9,89.48
10,89.47
11,89.46
12,89.45
13,89.43
14,89.43
15,89.43
16,89.43
17,89.42
18,89.41
19,89.4
20,89.41
21,89.42
22,89.43
23,89.43
24,89.42
25,89.42
26,89.42
27,89.43
28,89.44
29,89.45
30,89.46
31,89.47
32,89.48
33,89.48
34,89.5
35,89.52
36,89.54
37,89.55
38,89.55
39,89.58
40,89.58
41,89.59
42,89.6
43,89.62
44,89.64
45,89.68
46,89.7
47,89.73
48,89.75
49,89.77
50,89.79
51,89.81
52,89.85
53,89.87
54,89.89
55,89.92
56,89.94
57,89.99
58,90.0
59,90.04
60,90.06
61,90.09
62,90.11
63,90.13
64,90.18
65,90.2
66,90.21
67,90.23
68,90.25
69,90.26
70,90.29
71,90.32
72,90.34
73,90.38
74,90.4
75,90.44
76,90.47
77,90.51
78,90.52
79,90.56
80,90.59
81,90.63
82,90.67
83,90.7
84,90.72
85,90.74
86,90.77
87,90.8
88,90.83
89,90.86
90,90.9
91,90.92
92,90.95
93,90.99
94,91.02
95,91.05
96,91.09
97,91.12
98,91.15
99,91.19
100,91.22
101,91.25
102,91.28
103,91.32
104,91.36
105,91.4
106,91.42
107,91.45
108,91.49
109,91.54
110,91.58
111,91.6
112,91.63
113,91.67
114,91.7
115,91.73
116,91.74
117,91.78
118,91.82
119,91.85
120,91.88
121,91.9
122,91.93
123,91.97
124,91.99
125,92.03
126,92.03
127,92.06
128,92.1
129,92.13
130,92.15
131,92.19
132,92.22
133,92.25
134,92.28
135,92.32
136,92.35
137,92.38
138,92.41
139,92.43
140,92.46
141,92.5
142,92.53
143,92.57
144,92.59
145,92.62
146,92.66
147,92.67
148,92.7
149,92.72
150,92.76
151,92.78
152,92.81
153,92.84
154,92.88
155,92.92
156,92.96
157,92.99
158,92.99
159,93.01
160,93.05
161,93.07
162,93.12
163,93.15
164,93.17
165,93.19
166,93.21
167,93.24
168,93.26
169,93.29
170,93.31
171,93.35
172,93.37
173,93.41
174,93.42
175,93.46
176,93.48
177,93.49
178,93.54
179,93.56
180,93.6
181,93.62
182,93.66
183,93.68
184,93.71
185,93.74
186,93.76
187,93.78
188,93.81
189,93.84
190,93.87
191,93.89
192,93.91
193,93.94
194,93.96
195,93.99
196,94.01
197,94.03
198,94.04
199,94.06
200,94.07
201,94.1
202,94.14
203,94.15
204,94.2
205,94.2
206,94.23
207,94.24
208,94.26
209,94.28
210,94.32
211,94.34
212,94.37
213,94.38
214,94.4
215,94.42
216,94.45
217,94.47
218,94.49
219,94.51
220,94.53
221,94.54
222,94.56
223,94.56
224,94.59
225,94.63
226,94.65
227,94.68
228,94.69
229,94.69
230,94.71
231,94.74
232,94.75
233,94.78
234,94.79
235,94.8
236,94.82
237,94.82
238,94.83
239,94.84
240,94.87
241,94.89
242,94.91
243,94.92
244,94.93
245,94.94
246,94.97
247,94.98
248,94.99
249,95.01
250,95.01
251,95.03
252,95.05
253,95.07
254,95.09
255,95.1
256,95.1
257,95.13
258,95.15
259,95.15
260,95.16
261,95.17
262,95.18
263,95.2
264,95.21
265,95.22
266,95.23
267,95.24
268,95.25
269,95.25
270,95.26
271,95.27
272,95.28
273,95.28
274,95.31
275,95.32
276,95.34
277,95.35
278,95.35
279,95.35
280,95.36
281,95.37
282,95.39
283,95.4
284,95.4
285,95.41
286,95.41
287,95.42
288,95.44
289,95.44
290,95.44
291,95.47
292,95.49
293,95.48
294,95.5
295,95.51
296,95.52
297,95.52
298,95.53
299,95.53
300,95.54
301,95.55
302,95.56
303,95.57
304,95.57
305,95.58
306,95.6
307,95.61
308,95.62
309,95.62
310,95.65
311,95.64
312,95.65
313,95.66
314,95.68
315,95.69
316,95.7
317,95.7
318,95.7
319,95.7
320,95.7
321,95.72
322,95.73
323,95.74
324,95.76
325,95.75
326,95.76
327,95.77
328,95.79
329,95.8
330,95.79
331,95.8
332,95.79
333,95.8
334,95.8
335,95.81
336,95.83
337,95.85
338,95.85
339,95.84
340,95.85
341,95.86
342,95.87
343,95.88
344,95.88
345,95.9
346,95.93
347,95.91
348,95.92
349,95.91
350,95.91
351,95.92
352,95.94
353,95.95
354,95.97
355,95.98
356,95.98
357,95.99
358,95.99
359,96.0
360,96.0
361,96.02
362,96.03
363,96.04
364,96.03
365,96.04
366,96.04
367,96.07
368,96.06
369,96.05
370,96.07
371,96.09
372,96.08
373,96.09
374,96.1
375,96.1
376,96.11
377,96.12
378,96.14
379,96.12
380,96.13
381,96.14
382,96.14
383,96.15
384,96.15
385,96.18
386,96.18
387,96.19
388,96.2
389,96.21
390,96.22
391,96.22
392,96.21
393,96.22
394,96.22
395,96.24
396,96.26
397,96.26
398,96.25
399,96.26
400,96.26
401,96.27
402,96.29
403,96.29
404,96.31
405,96.32
406,96.31
407,96.31
408,96.31
409,96.33
410,96.33
411,96.34
412,96.35
413,96.35
414,96.38
415,96.37
416,96.38
417,96.36
418,96.36
419,96.37
420,96.39
421,96.39
422,96.39
423,96.39
424,96.4
425,96.41
426,96.41
427,96.42
428,96.42
429,96.45
430,96.45
431,96.45
432,96.44
433,96.46
434,96.46
435,96.48
436,96.48
437,96.48
438,96.49
439,96.49
440,96.51
441,96.5
442,96.51
443,96.5
444,96.51
445,96.53
446,96.53
447,96.54
448,96.55
449,96.55
450,96.56
451,96.56
452,96.54
453,96.55
454,96.56
455,96.56
456,96.59
457,96.6
458,96.61
459,96.61
460,96.62
461,96.62
462,96.61
463,96.63
464,96.62
465,96.62
466,96.63
467,96.64
468,96.65
469,96.65
470,96.65
471,96.66
472,96.68
473,96.67
474,96.66
475,96.68
476,96.69
477,96.69
478,96.7
479,96.69
480,96.7
481,96.71
482,96.71
483,96.71
484,96.7
485,96.71
486,96.7
487,96.72
488,96.72
489,96.72
490,96.74
491,96.74
492,96.74
493,96.74
494,96.75
495,96.75
496,96.77
497,96.77
498,96.77
499,96.78
500,96.78
501,96.78
502,96.79
503,96.79
504,96.78
505,96.79
506,96.79
507,96.8
508,96.8
509,96.78
510,96.79
511,96.79
512,96.79
513,96.82
514,96.82
515,96.84
516,96.84
517,96.83
518,96.84
519,96.85
520,96.84
521,96.84
522,96.85
523,96.86
524,96.86
525,96.86
526,96.86
527,96.87
528,96.87
529,96.88
530,96.89
531,96.88
532,96.88
533,96.88
534,96.88
535,96.87
536,96.9
537,96.9
538,96.92
539,96.93
540,96.91
541,96.91
542,96.9
543,96.91
544,96.94
545,96.93
546,96.93
547,96.92
548,96.93
549,96.93
550,96.94
551,96.93
552,96.94
553,96.94
554,96.96
555,96.96
556,96.96
557,96.97
558,96.96
559,96.96
560,96.97
561,96.96
562,96.95
563,96.95
564,96.96
565,96.96
566,96.97
567,96.97
568,96.99
569,96.99
570,96.98
571,96.97
572,96.97
573,96.97
574,96.97
575,96.98
576,96.98
577,96.98
578,96.98
579,97.01
580,97.01
581,97.01
582,97.03
583,97.04
584,97.03
585,97.03
586,97.03
587,97.02
588,97.03
589,97.03
590,97.05
591,97.04
592,97.03
593,97.03
594,97.03
595,97.04
596,97.02
597,97.02
598,97.03
599,97.03
600,97.02
601,97.03
602,97.03
603,97.04
604,97.05
605,97.05
606,97.05
607,97.05
608,97.04
609,97.05
610,97.05
611,97.06
612,97.07
613,97.07
614,97.07
615,97.08
616,97.08
617,97.07
618,97.1
619,97.11
620,97.09
621,97.08
622,97.09
623,97.09
624,97.08
625,97.1
626,97.09
627,97.1
628,97.11
629,97.09
630,97.1
631,97.11
632,97.1
633,97.1
634,97.12
635,97.14
636,97.15
637,97.16
638,97.16
639,97.18
640,97.2
641,97.21
642,97.22
643,97.24
644,97.24
645,97.26
646,97.26
647,97.27
648,97.29
649,97.31
650,97.33
651,97.36
652,97.36
653,97.38
654,97.39
655,97.41
656,97.43
657,97.45
658,97.48
659,97.5
660,97.52
661,97.55
662,97.55
663,97.57
664,97.6
665,97.63
666,97.65
667,97.68
668,97.72
669,97.75
670,97.77
671,97.79
672,97.79
673,97.81
674,97.84
675,97.9
676,97.92
677,97.94
678,97.97
679,98.0
680,98.01
681,98.03
682,98.06
683,98.09
684,98.12
685,98.13
686,98.16
687,98.17
688,98.21
689,98.23
690,98.26
691,98.28
692,98.31
693,98.35
694,98.38
695,98.41
696,98.44
697,98.45
698,98.48
699,98.5
700,98.51
701,98.54
702,98.56
703,98.6
704,98.62
705,98.65
706,98.67
707,98.69
708,98.72
709,98.75
710,98.81
711,98.84
712,98.85
713,98.88
714,98.91
715,98.93
716,98.97
717,99.01
718,99.02
719,99.06
720,99.07
721,99.11
722,99.14
723,99.16
724,99.2
725,99.22
726,99.25
727,99.27
728,99.29
729,99.34
730,99.37
731,99.39
732,99.42
733,99.42
734,99.46
735,99.49
736,99.52
737,99.55
738,99.57
739,99.6
740,99.64
741,99.65
742,99.67
743,99.7
744,99.72
745,99.75
746,99.79
747,99.81
748,99.84
749,99.87
750,99.89
751,99.93
752,99.96
753,99.98
754,100.03
755,100.05
756,100.06
757,100.08
758,100.11
759,100.14
760,100.18
761,100.21
762,100.25
763,100.27
764,100.31
765,100.34
766,100.36
767,100.39
768,100.42
769,100.42
770,100.45
771,100.49
772,100.51
773,100.53
774,100.57
775,100.59
776,100.62
777,100.65
778,100.68
779,100.71
780,100.73
781,100.77
782,100.8
783,100.84
784,100.87
785,100.89
786,100.92
787,100.94
788,100.98
789,101.02
790,101.04
791,101.06
792,101.08
793,101.11
794,101.14
795,101.17
796,101.18
797,101.21
798,101.25
799,101.28
800,101.31
801,101.33
802,101.36
803,101.39
804,101.42
805,101.45
806,101.48
807,101.5
808,101.53
809,101.54
810,101.56
811,101.6
812,101.63
813,101.68
814,101.69
815,101.69
816,101.72
817,101.76
818,101.8
819,101.85
820,101.88
821,101.9
822,101.92
823,101.94
824,101.97
825,102.0
826,102.03
827,102.07
828,102.1
829,102.11
830,102.14
831,102.17
832,102.2
833,102.21
834,102.23
835,102.25
836,102.27
837,102.29
838,102.33
839,102.37
840,102.4
841,102.43
842,102.45
843,102.47
844,102.52
845,102.54
846,102.59
847,102.62
848,102.64
849,102.67
850,102.7
851,102.72
852,102.74
853,102.77
854,102.8
855,102.84
856,102.87
857,102.89
858,102.93
859,102.95
860,102.98
861,103.0
862,103.03
863,103.07
864,103.09
865,103.13
866,103.14
867,103.18
868,103.21
869,103.23
870,103.25
871,103.28
872,103.32
873,103.33
874,103.36
875,103.41
876,103.44
877,103.46
878,103.47
879,103.5
880,103.52
881,103.55
882,103.58
883,103.59
884,103.61
885,103.64
886,103.68
887,103.72
888,103.76
889,103.79
890,103.79
891,103.82
892,103.84
893,103.87
894,103.9
895,103.94
896,103.96
897,103.98
898,103.99
899,104.04
900,104.06
901,104.09
902,104.1
903,104.14
904,104.16
905,104.18
906,104.2
907,104.24
908,104.27
909,104.3
910,104.32
911,104.35
912,104.38
913,104.42
914,104.45
915,104.49
916,104.52
917,104.54
918,104.58
919,104.58
920,104.62
921,104.65
922,104.66
923,104.7
924,104.71
925,104.74
926,104.76
927,104.81
928,104.84
929,104.86
930,104.88
931,104.9
932,104.94
933,104.97
934,104.99
935,105.03
936,105.04
937,105.07
938,105.1
939,105.14
940,105.15
941,105.19
942,105.21
943,105.24
944,105.27
945,105.3
946,105.33
947,105.36
948,105.38
949,105.41
950,105.43
951,105.46
952,105.48
953,105.5
954,105.53
955,105.55
956,105.58
957,105.61
958,105.64
959,105.67
960,105.68
961,105.72
962,105.75
963,105.78
964,105.79
965,105.83
966,105.87
967,105.9
968,105.93
969,105.95
970,105.96
971,105.99
972,106.01
973,106.06
974,106.09
975,106.12
976,106.14
977,106.17
978,106.2
979,106.21
980,106.25
981,106.28
982,106.31
983,106.34
984,106.37
985,106.39
986,106.41
987,106.44
988,106.46
989,106.51
990,106.53
991,106.54
992,106.56
993,106.6
994,106.63
995,106.66
996,106.68
997,106.72
998,106.73
999,106.76
1000,106.78
1001,106.8
1002,106.83
1003,106.87
1004,106.89
1005,106.92
1006,106.96
1007,107.0
1008,107.03
1009,107.05
1010,107.06
1011,107.08
1012,107.12
1013,107.14
1014,107.14
1015,107.17
1016,107.19
1017,107.21
1018,107.24
1019,107.28
1020,107.32
1021,107.35
1022,107.37
1023,107.39
1024,107.42
1025,107.46
1026,107.47
1027,107.52
1028,107.54
1029,107.57
1030,107.6
1031,107.61
1032,107.65
1033,107.66
1034,107.68
1035,107.7
1036,107.73
1037,107.75
1038,107.8
1039,107.83
1040,107.86
1041,107.88
1042,107.9
1043,107.93
1044,107.95
1045,107.98
1046,108.01
1047,108.06
1048,108.07
1049,108.08
1050,108.11
1051,108.14
1052,108.16
1053,108.19
1054,108.23
1055,108.25
1056,108.26
1057,108.31
1058,108.32
1059,108.36
1060,108.39
1061,108.42
1062,108.45
1063,108.47
1064,108.51
1065,108.52
1066,108.55
1067,108.58
1068,108.61
1069,108.62
1070,108.63
1071,108.63
1072,108.67
1073,108.71
1074,108.75
1075,108.77
1076,108.79
1077,108.83
1078,108.85
1079,108.9
1080,108.91
1081,108.95
1082,108.96
1083,108.98
1084,109.01
1085,109.04
1086,109.07
1087,109.09
1088,109.12
1089,109.15
1090,109.17
1091,109.2
1092,109.21
1093,109.24
1094,109.26
1095,109.3
1096,109.32
1097,109.34
1098,109.38
1099,109.41
1100,109.43
1101,109.47
1102,109.49
1103,109.5
1104,109.53
1105,109.56
1106,109.58
1107,109.62
1108,109.65
1109,109.69
1110,109.71
1111,109.72
1112,109.73
1113,109.78
1114,109.82
1115,109.83
1116,109.86
1117,109.9
1118,109.93
1119,109.95
1120,109.97
1121,109.98
1122,110.01
1123,110.04
1124,110.07
1125,110.09
1126,110.12
1127,110.15
1128,110.16
1129,110.19
1130,110.22
1131,110.25
1132,110.28
1133,110.3
1134,110.33
1135,110.35
1136,110.37
1137,110.39
1138,110.42
1139,110.45
1140,110.47
1141,110.5
1142,110.52
1143,110.54
1144,110.57
1145,110.61
1146,110.64
1147,110.66
1148,110.7
1149,110.72
1150,110.76
1151,110.78
1152,110.79
1153,110.82
1154,110.84
1155,110.87
1156,110.88
1157,110.9
1158,110.94
1159,110.96
1160,111.01
1161,111.05
1162,111.07
1163,111.09
1164,111.12
1165,111.13
1166,111.15
1167,111.17
1168,111.2
1169,111.23
1170,111.25
1171,111.25
1172,111.3
1173,111.33
1174,111.36
1175,111.37
1176,111.4
1177,111.42
1178,111.45
1179,111.46
1180,111.48
1181,111.51
1182,111.55
1183,111.57
1184,111.6
1185,111.6
1186,111.63
1187,111.63
1188,111.65
1189,111.67
1190,111.69
1191,111.71
1192,111.72
1193,111.75
1194,111.78
1195,111.8
1196,111.8
1197,111.82
1198,111.84
1199,111.86
1200,111.89
1201,111.91
1202,111.9
1203,111.92
1204,111.94
1205,111.95
1206,111.97
1207,112.0
1208,112.03
1209,112.06
1210,112.07
1211,112.09
1212,112.1
1213,112.11
1214,112.13
1215,112.15
1216,112.15
1217,112.17
1218,112.18
1219,112.2
1220,112.21
1221,112.23
1222,112.25
1223,112.28
1224,112.3
1225,112.31
1226,112.31
1227,112.33
1228,112.34
1229,112.36
1230,112.37
1231,112.39
1232,112.4
1233,112.43
1234,112.44
1235,112.44
1236,112.46
1237,112.48
1238,112.5
1239,112.51
1240,112.53
1241,112.56
1242,112.58
1243,112.61
1244,112.61
1245,112.62
1246,112.64
1247,112.66
1248,112.66
1249,112.68
1250,112.67
1251,112.69
1252,112.71
1253,112.73
1254,112.74
1255,112.77
1256,112.78
1257,112.8
1258,112.79
1259,112.81
1260,112.84
1261,112.86
1262,112.88
1263,112.88
1264,112.89
1265,112.91
1266,112.93
1267,112.94
1268,112.95
1269,112.97
1270,112.99
1271,112.99
1272,113.01
1273,113.01
1274,113.03
1275,113.04
1276,113.06
1277,113.08
1278,113.09
1279,113.1
1280,113.12
1281,113.16
1282,113.16
1283,113.17
1284,113.17
1285,113.19
1286,113.2
1287,113.21
1288,113.22
1289,113.26
1290,113.27
1291,113.29
1292,113.29
1293,113.31
1294,113.31
1295,113.33
1296,113.36
1297,113.37
1298,113.39
1299,113.41
1300,113.4
1301,113.4
1302,113.42
1303,113.43
1304,113.44
1305,113.48
1306,113.48
1307,113.49
1308,113.51
1309,113.52
1310,113.54
1311,113.55
1312,113.56
1313,113.57
1314,113.59
1315,113.61
1316,113.61
1317,113.62
1318,113.64
1319,113.66
1320,113.67
1321,113.68
1322,113.68
1323,113.7
1324,113.71
1325,113.72
1326,113.75
1327,113.74
1328,113.76
1329,113.76
1330,113.77
1331,113.78
1332,113.8
1333,113.81
1334,113.84
1335,113.84
1336,113.86
1337,113.87
1338,113.88
1339,113.88
1340,113.89
1341,113.91
1342,113.93
1343,113.94
1344,113.96
1345,113.97
1346,113.97
1347,113.97
1348,113.99
1349,114.0
1350,114.01
1351,114.04
1352,114.05
1353,114.08
1354,114.09
1355,114.11
1356,114.12
1357,114.13
1358,114.13
1359,114.16
1360,114.16
1361,114.18
1362,114.2
1363,114.2
1364,114.23
1365,114.22
1366,114.24
1367,114.26
1368,114.25
1369,114.26
1370,114.28
1371,114.3
1372,114.31
1373,114.32
1374,114.33
1375,114.34
1376,114.35
1377,114.35
1378,114.35
1379,114.35
1380,114.37
1381,114.39
1382,114.4
1383,114.41
1384,114.42
1385,114.44
1386,114.45
1387,114.45
1388,114.47
1389,114.49
1390,114.5
1391,114.5
1392,114.52
1393,114.53
1394,114.54
1395,114.55
1396,114.58
1397,114.61
1398,114.63
1399,114.64
1400,114.66
1401,114.66
1402,114.67
1403,114.68
1404,114.68
1405,114.67
1406,114.69
1407,114.71
1408,114.72
1409,114.73
1410,114.73
1411,114.76
1412,114.76
1413,114.77
1414,114.78
1415,114.81
1416,114.81
1417,114.82
1418,114.83
1419,114.83
1420,114.84
1421,114.85
1422,114.87
1423,114.88
1424,114.89
1425,114.9
1426,114.9
1427,114.93
1428,114.95
1429,114.96
1430,114.97
1431,114.99
1432,114.98
1433,114.99
1434,115.01
1435,115.02
1436,115.04
1437,115.04
1438,115.05
1439,115.05
1440,115.06
1441,115.07
1442,115.08
1443,115.09
1444,115.11
1445,115.12
1446,115.13
1447,115.14
1448,115.14
1449,115.15
1450,115.16
1451,115.16
1452,115.19
1453,115.2
1454,115.21
1455,115.21
1456,115.23
1457,115.22
1458,115.24
1459,115.25
1460,115.26
1461,115.27
1462,115.3
1463,115.3
1464,115.3
1465,115.32
1466,115.32
1467,115.32
1468,115.33
1469,115.36
1470,115.37
1471,115.38
1472,115.39
1473,115.4
1474,115.42
1475,115.43
1476,115.44
1477,115.45
1478,115.46
1479,115.45
1480,115.46
1481,115.48
1482,115.47
1483,115.47
1484,115.47
1485,115.49
1486,115.5
1487,115.51
1488,115.53
1489,115.53
1490,115.54
1491,115.56
1492,115.56
1493,115.58
1494,115.59
1495,115.61
1496,115.62
1497,115.62
1498,115.62
1499,115.64
1500,115.66
1501,115.66
1502,115.67
1503,115.69
1504,115.71
1505,115.71
1506,115.72
1507,115.72
1508,115.75
1509,115.75
1510,115.75
1511,115.76
1512,115.76
1513,115.78
1514,115.79
1515,115.8
1516,115.82
1517,115.82
1518,115.82
1519,115.83
1520,115.84
1521,115.85
1522,115.87
1523,115.85
1524,115.87
1525,115.89
1526,115.9
1527,115.91
1528,115.91
1529,115.92
1530,115.94
1531,115.93
1532,115.94
1533,115.95
1534,115.97
1535,115.99
1536,116.0
1537,116.01
1538,116.0
1539,116.02
1540,116.04
1541,116.05
1542,116.04
1543,116.03
1544,116.05
1545,116.06
1546,116.06
1547,116.06
1548,116.08
1549,116.09
1550,116.1
1551,116.12
1552,116.12
1553,116.12
1554,116.14
1555,116.15
1556,116.17
1557,116.19
1558,116.19
1559,116.19
1560,116.19
1561,116.2
1562,116.2
1563,116.22
1564,116.22
1565,116.23
1566,116.24
1567,116.25
1568,116.25
1569,116.26
1570,116.27
1571,116.29
1572,116.29
1573,116.3
1574,116.32
1575,116.33
1576,116.33
1577,116.33
1578,116.34
1579,116.35
1580,116.36
1581,116.37
1582,116.36
1583,116.37
1584,116.38
1585,116.39
1586,116.39
1587,116.4
1588,116.41
1589,116.42
1590,116.44
1591,116.44
1592,116.44
1593,116.46
1594,116.47
1595,116.49
1596,116.49
1597,116.49
1598,116.49
1599,116.5
1600,116.5
1601,116.49
1602,116.51
1603,116.51
1604,116.52
1605,116.54
1606,116.55
1607,116.56
1608,116.58
1609,116.59
1610,116.6
1611,116.59
1612,116.61
1613,116.61
1614,116.62
1615,116.63
1616,116.64
1617,116.64
1618,116.65
1619,116.65
1620,116.65
1621,116.67
1622,116.67
1623,116.68
1624,116.68
1625,116.68
1626,116.69
1627,116.71
1628,116.73
1629,116.73
1630,116.73
1631,116.74
1632,116.75
1633,116.75
1634,116.76
1635,116.76
1636,116.77
1637,116.77
1638,116.78
1639,116.77
1640,116.79
1641,116.81
1642,116.82
1643,116.82
1644,116.82
1645,116.82
1646,116.82
1647,116.84
1648,116.85
1649,116.85
1650,116.85
1651,116.86
1652,116.88
1653,116.9
1654,116.92
1655,116.92
1656,116.92
1657,116.91
1658,116.92
1659,116.91
1660,116.93
1661,116.94
1662,116.96
1663,116.95
1664,116.97
1665,116.99
1666,116.99
1667,117.0
1668,116.99
1669,117.02
1670,117.05
1671,117.05
1672,117.06
1673,117.04
1674,117.05
1675,117.06
1676,117.06
1677,117.06
1678,117.08
1679,117.08
1680,117.09
1681,117.1
1682,117.11
1683,117.12
1684,117.12
1685,117.13
1686,117.12
1687,117.12
1688,117.13
1689,117.14
1690,117.15
1691,117.15
1692,117.15
1693,117.17
1694,117.19
1695,117.19
1696,117.19
1697,117.19
1698,117.19
1699,117.2
1700,117.2
1701,117.22
1702,117.25
1703,117.26
1704,117.26
1705,117.27
1706,117.28
1707,117.28
1708,117.29
1709,117.27
1710,117.27
1711,117.27
1712,117.28
1713,117.28
1714,117.31
1715,117.31
1716,117.31
1717,117.31
1718,117.33
1719,117.35
1720,117.37
1721,117.38
1722,117.39
1723,117.39
1724,117.4
1725,117.39
1726,117.4
1727,117.39
1728,117.41
1729,117.41
1730,117.41
1731,117.41
1732,117.42
1733,117.43
1734,117.44
1735,117.45
1736,117.46
1737,117.47
1738,117.46
1739,117.47
1740,117.47
1741,117.48
1742,117.47
1743,117.48
1744,117.49
1745,117.5
1746,117.51
1747,117.51
1748,117.51
1749,117.52
1750,117.53
1751,117.55
1752,117.55
1753,117.56
1754,117.58
1755,117.58
1756,117.59
1757,117.6
1758,117.62
1759,117.64
1760,117.64
1761,117.62
1762,117.62
1763,117.63
1764,117.64
1765,117.65
1766,117.65
1767,117.64
1768,117.66
1769,117.67
1770,117.66
1771,117.67
1772,117.68
1773,117.7
1774,117.7
1775,117.7
1776,117.72
1777,117.71
1778,117.72
1779,117.73
1780,117.74
1781,117.73
1782,117.74
1783,117.73
1784,117.74
1785,117.76
1786,117.77
1787,117.78
1788,117.77
1789,117.77
1790,117.78
1791,117.78
1792,117.78
1793,117.78
1794,117.78
1795,117.79
1796,117.79
1797,117.82
1798,117.81
1799,117.81
1800,117.82
1801,117.85
1802,117.83
1803,117.82
1804,117.84
1805,117.84
1806,117.86
1807,117.87
1808,117.89
1809,117.89
1810,117.91
1811,117.92
1812,117.92
1813,117.94
1814,117.95
1815,117.96
1816,117.94
1817,117.95
1818,117.94
1819,117.94
1820,117.94
1821,117.95
1822,117.97
1823,117.98
1824,117.99
1825,117.98
1826,117.98
1827,117.97
1828,117.99
1829,118.0
1830,118.0
1831,118.02
1832,118.0
1833,118.02
1834,118.02
1835,118.02
1836,118.04
1837,118.03
1838,118.04
1839,118.04
1840,118.05
1841,118.06
1842,118.06
1843,118.08
1844,118.1
1845,118.1
1846,118.1
1847,118.12
1848,118.1
1849,118.1
1850,118.11
1851,118.12
1852,118.12
1853,118.14
1854,118.13
1855,118.14
1856,118.15
1857,118.17
1858,118.2
1859,118.19
1860,118.2
1861,118.2
1862,118.23
1863,118.22
1864,118.21
1865,118.19
1866,118.18
1867,118.19
1868,118.21
1869,118.2
1870,118.2
1871,118.21
1872,118.22
1873,118.23
1874,118.22
1875,118.24
1876,118.24
1877,118.27
1878,118.26
1879,118.26
1880,118.24
1881,118.26
1882,118.26
1883,118.27
1884,118.29
1885,118.28
1886,118.28
1887,118.29
1888,118.3
1889,118.31
1890,118.31
1891,118.31
1892,118.33
1893,118.32
1894,118.32
1895,118.34
1896,118.35
1897,118.37
1898,118.35
1899,118.35
1900,118.37
1901,118.37
1902,118.38
1903,118.39
1904,118.38
1905,118.39
1906,118.42
1907,118.43
1908,118.43
1909,118.44
1910,118.45
1911,118.46
1912,118.47
1913,118.44
1914,118.44
1915,118.45
1916,118.47
1917,118.46
1918,118.46
1919,118.47
1920,118.47
1921,118.47
1922,118.48
1923,118.47
1924,118.49
1925,118.49
1926,118.48
1927,118.49
1928,118.49
1929,118.49
1930,118.48
1931,118.49
1932,118.49
1933,118.49
1934,118.5
1935,118.51
1936,118.51
1937,118.52
1938,118.52
1939,118.53
1940,118.54
1941,118.55
1942,118.55
1943,118.56
1944,118.56
1945,118.57
1946,118.58
1947,118.58
1948,118.59
1949,118.59
1950,118.59
1951,118.59
1952,118.62
1953,118.62
1954,118.62
1955,118.63
1956,118.64
1957,118.65
1958,118.63
1959,118.64
1960,118.65
1961,118.68
1962,118.65
1963,118.66
1964,118.65
1965,118.65
1966,118.66
1967,118.66
1968,118.65
1969,118.66
1970,118.68
1971,118.67
1972,118.69
1973,118.69
1974,118.69
1975,118.71
1976,118.69
1977,118.7
1978,118.72
1979,118.71
1980,118.71
1981,118.72
1982,118.72
1983,118.74
1984,118.74
1985,118.75
1986,118.75
1987,118.74
1988,118.75
1989,118.76
1990,118.77
1991,118.77
1992,118.77
1993,118.76
1994,118.77
1995,118.78
1996,118.79
1997,118.78
1998,118.77
1999,118.77
2000,118.77
2001,118.78
2002,118.77
2003,118.79
2004,118.78
2005,118.79
2006,118.81
2007,118.83
2008,118.83
2009,118.82
2010,118.84
2011,118.84
2012,118.84
2013,118.86
2014,118.87
2015,118.87
2016,118.87
2017,118.86
2018,118.87
2019,118.88
2020,118.86
2021,118.85
2022,118.87
2023,118.89
2024,118.89
2025,118.89
2026,118.91
2027,118.91
2028,118.91
2029,118.9
2030,118.9
2031,118.89
2032,118.9
2033,118.91
2034,118.9
2035,118.93
2036,118.91
2037,118.92
2038,118.94
2039,118.94
2040,118.94
2041,118.94
2042,118.95
2043,118.95
2044,118.96
2045,118.97
2046,118.98
2047,118.98
2048,118.99
2049,118.99
2050,118.99
2051,118.96
2052,118.97
2053,118.97
2054,118.97
2055,118.98
2056,118.98
2057,118.99
2058,119.01
2059,119.0
2060,119.0
2061,119.01
2062,119.01
2063,119.01
2064,119.01
2065,119.01
2066,119.02
2067,119.02
2068,119.03
2069,119.03
2070,119.03
2071,119.04
2072,119.03
2073,119.04
2074,119.04
2075,119.05
2076,119.06
2077,119.06
2078,119.07
2079,119.06
2080,119.06
2081,119.06
2082,119.09
2083,119.11
2084,119.09
2085,119.08
2086,119.08
2087,119.09
2088,119.1
2089,119.1
2090,119.1
2091,119.11
2092,119.1
2093,119.12
2094,119.13
2095,119.11
2096,119.13
2097,119.13
2098,119.14
2099,119.13
2100,119.14
2101,119.13
2102,119.14
2103,119.14
2104,119.14
2105,119.15
2106,119.15
2107,119.15
2108,119.16
2109,119.16
2110,119.16
2111,119.18
2112,119.17
2113,119.18
2114,119.19
2115,119.18
2116,119.19
2117,119.21
2118,119.22
2119,119.24
2120,119.21
2121,119.22
2122,119.21
2123,119.21
2124,119.22
2125,119.22
2126,119.22
2127,119.23
2128,119.24
2129,119.25
2130,119.25
2131,119.25
2132,119.25
2133,119.27
2134,119.26
2135,119.27
2136,119.26
2137,119.27
2138,119.26
2139,119.27
2140,119.27
2141,119.27
2142,119.27
2143,119.27
2144,119.28
2145,119.27
2146,119.27
2147,119.29
2148,119.3
2149,119.3
2150,119.3
2151,119.28
2152,119.29
2153,119.3
2154,119.3
2155,119.29
2156,119.3
2157,119.32
2158,119.32
2159,119.33
2160,119.35
2161,119.35
2162,119.35
2163,119.34
2164,119.34
2165,119.34
2166,119.34
2167,119.35
2168,119.36
2169,119.36
2170,119.35
2171,119.37
2172,119.38
2173,119.38
2174,119.38
2175,119.39
2176,119.41
2177,119.4
2178,119.4
2179,119.41
2180,119.42
2181,119.42
2182,119.41
2183,119.41
2184,119.42
2185,119.43
2186,119.41
2187,119.43
2188,119.42
2189,119.42
2190,119.43
2191,119.43
2192,119.44
2193,119.44
2194,119.44
2195,119.44
2196,119.44
2197,119.44
2198,119.45
2199,119.46
2200,119.48
2201,119.47
2202,119.48
2203,119.49
2204,119.49
2205,119.5
2206,119.51
2207,119.5
2208,119.49
2209,119.49
2210,119.49
2211,119.48
2212,119.48
2213,119.5
2214,119.5
2215,119.49
2216,119.49
2217,119.5
2218,119.51
2219,119.51
2220,119.52
2221,119.52
2222,119.53
2223,119.53
2224,119.53
2225,119.53
2226,119.54
2227,119.56
2228,119.56
2229,119.56
2230,119.56
2231,119.59
2232,119.57
2233,119.59
2234,119.6
2235,119.59
2236,119.58
2237,119.58
2238,119.58
2239,119.59
2240,119.58
2241,119.58
2242,119.58
2243,119.59
2244,119.59
2245,119.62
2246,119.62
2247,119.63
2248,119.63
2249,119.64
2250,119.63
2251,119.63
2252,119.63
2253,119.63
2254,119.66
2255,119.67
2256,119.67
2257,119.65
2258,119.65
2259,119.65
2260,119.66
2261,119.66
2262,119.66
2263,119.66
2264,119.67
2265,119.66
2266,119.67
2267,119.69
2268,119.69
2269,119.69
2270,119.68
2271,119.69
2272,119.69
2273,119.69
2274,119.68
2275,119.7
2276,119.7
2277,119.72
2278,119.72
2279,119.72
2280,119.71
2281,119.71
2282,119.69
2283,119.7
2284,119.71
2285,119.72
2286,119.71
2287,119.73
2288,119.72
2289,119.74
2290,119.73
2291,119.74
2292,119.74
2293,119.76
2294,119.77
2295,119.77
2296,119.8
2297,119.79
2298,119.79
2299,119.8
2300,119.78
2301,119.78
2302,119.78
2303,119.79
2304,119.81
2305,119.8
2306,119.8
2307,119.8
2308,119.8
2309,119.81
2310,119.81
2311,119.81
2312,119.82
2313,119.83
2314,119.85
2315,119.83
2316,119.82
2317,119.83
2318,119.84
2319,119.85
2320,119.85
2321,119.85
2322,119.87
2323,119.87
2324,119.87
2325,119.88
2326,119.89
2327,119.89
2328,119.89
2329,119.91
2330,119.88
2331,119.87
2332,119.89
2333,119.9
2334,119.89
2335,119.9
2336,119.91
2337,119.92
2338,119.92
2339,119.93
2340,119.92
2341,119.92
2342,119.92
2343,119.91
2344,119.89
2345,119.9
2346,119.91
2347,119.92
2348,119.93
2349,119.92
2350,119.92
2351,119.95
2352,119.95
2353,119.94
2354,119.96
2355,119.97
2356,119.97
2357,119.96
2358,119.95
2359,119.96
2360,119.96
2361,119.97
2362,119.97
2363,119.96
2364,119.97
2365,119.96
2366,119.97
2367,119.97
2368,119.96
2369,119.98
2370,119.97
2371,119.98
2372,119.99
2373,119.99
2374,120.0
2375,120.02
2376,120.02
2377,120.01
2378,119.99
2379,120.0
2380,120.0
2381,119.99
2382,120.0
2383,120.01
2384,120.01
2385,120.02
2386,120.01
2387,120.01
2388,120.02
2389,120.01
2390,120.0
2391,120.02
2392,120.02
2393,120.02
2394,120.02
2395,120.01
2396,120.04
2397,120.03
2398,120.04
2399,120.05
2400,120.05
2401,120.04
2402,120.04
2403,120.04
2404,120.05
2405,120.06
2406,120.08
2407,120.08
2408,120.06
2409,120.06
2410,120.08
2411,120.08
2412,120.1
2413,120.1
2414,120.1
2415,120.12
2416,120.1
2417,120.11
2418,120.1
2419,120.11
2420,120.11
2421,120.11
2422,120.11
2423,120.11
2424,120.12
2425,120.12
2426,120.12
2427,120.14
2428,120.15
2429,120.14
2430,120.13
2431,120.12
2432,120.15
2433,120.14
2434,120.14
2435,120.14
2436,120.15
2437,120.14
2438,120.15
2439,120.15
2440,120.18
2441,120.18
2442,120.19
2443,120.18
2444,120.18
2445,120.18
2446,120.18
2447,120.18
2448,120.19
2449,120.18
2450,120.18
2451,120.18
2452,120.18
2453,120.18
2454,120.19
2455,120.18
2456,120.2
2457,120.2
2458,120.2
2459,120.22
2460,120.21
2461,120.22
2462,120.21
2463,120.2
2464,120.22
2465,120.22
2466,120.22
2467,120.21
2468,120.22
2469,120.22
2470,120.22
2471,120.24
2472,120.25
2473,120.26
2474,120.26
2475,120.25
2476,120.25
2477,120.24
2478,120.25
2479,120.24
2480,120.26
2481,120.25
2482,120.24
2483,120.25
2484,120.26
2485,120.26
2486,120.27
2487,120.27
2488,120.27
2489,120.28
2490,120.27
2491,120.26
2492,120.26
2493,120.28
2494,120.28
2495,120.3
2496,120.3
2497,120.3
2498,120.32
2499,120.32
2500,120.3
2501,120.31
2502,120.31
2503,120.33
2504,120.32
2505,120.33
2506,120.32
2507,120.32
2508,120.32
2509,120.33
2510,120.35
2511,120.35
2512,120.34
2513,120.34
2514,120.34
2515,120.33
2516,120.33
2517,120.34
2518,120.33
2519,120.34
2520,120.35
2521,120.36
2522,120.35
2523,120.35
2524,120.37
2525,120.37
2526,120.36
2527,120.37
2528,120.37
2529,120.37
2530,120.37
2531,120.38
2532,120.38
2533,120.38
2534,120.37
2535,120.36
2536,120.36
2537,120.37
2538,120.38
2539,120.39
2540,120.4
2541,120.4
2542,120.39
2543,120.39
2544,120.39
2545,120.4
2546,120.41
2547,120.42
2548,120.44
2549,120.44
2550,120.43
2551,120.42
2552,120.41
2553,120.42
2554,120.43
2555,120.44
2556,120.44
2557,120.45
2558,120.45
2559,120.45
2560,120.45
2561,120.43
2562,120.44
2563,120.44
2564,120.43
2565,120.43
2566,120.44
2567,120.45
2568,120.46
2569,120.46
2570,120.47
2571,120.45
2572,120.45
2573,120.46
2574,120.45
2575,120.46
2576,120.46
2577,120.45
2578,120.47
2579,120.47
2580,120.48
2581,120.48
2582,120.48
2583,120.47
2584,120.47
2585,120.49
2586,120.5
2587,120.48
2588,120.48
2589,120.49
2590,120.49
2591,120.48
2592,120.5
2593,120.51
2594,120.52
2595,120.54
2596,120.54
2597,120.54
2598,120.52
2599,120.54
2600,120.54
2601,120.54
2602,120.53
2603,120.54
2604,120.53
2605,120.52
2606,120.53
2607,120.55
2608,120.55
2609,120.55
2610,120.56
2611,120.56
2612,120.56
2613,120.56
2614,120.55
2615,120.58
2616,120.57
2617,120.59
2618,120.57
2619,120.57
2620,120.57
2621,120.57
2622,120.57
2623,120.57
2624,120.56
2625,120.57
2626,120.57
2627,120.59
2628,120.59
2629,120.6
2630,120.6
2631,120.6
2632,120.57
2633,120.58
2634,120.58
2635,120.57
2636,120.58
2637,120.6
2638,120.6
2639,120.61
2640,120.62
2641,120.61
2642,120.6
2643,120.61
2644,120.62
2645,120.62
2646,120.62
2647,120.62
2648,120.62
2649,120.61
2650,120.62
2651,120.63
2652,120.64
2653,120.64
2654,120.63
2655,120.65
2656,120.65
2657,120.65
2658,120.65
2659,120.64
2660,120.64
2661,120.64
2662,120.65
2663,120.65
2664,120.65
2665,120.65
2666,120.65
2667,120.66
2668,120.66
2669,120.67
2670,120.67
2671,120.68
2672,120.68
2673,120.69
2674,120.68
2675,120.67
2676,120.68
2677,120.68
2678,120.66
2679,120.67
2680,120.66
2681,120.66
2682,120.67
2683,120.65
2684,120.65
2685,120.67
2686,120.68
2687,120.69
2688,120.69
2689,120.7
2690,120.71
2691,120.72
2692,120.73
2693,120.7
2694,120.69
2695,120.7
2696,120.71
2697,120.71
2698,120.7
2699,120.7
2700,120.68
2701,120.68
2702,120.69
2703,120.69
2704,120.7
2705,120.71
2706,120.71
2707,120.71
2708,120.71
2709,120.72
2710,120.71
2711,120.71
2712,120.71
2713,120.72
2714,120.75
2715,120.77
2716,120.77
2717,120.75
2718,120.72
2719,120.73
2720,120.75
2721,120.75
2722,120.74
2723,120.75
2724,120.75
2725,120.75
2726,120.76
2727,120.76
2728,120.77
2729,120.77
2730,120.76
2731,120.75
2732,120.75
2733,120.76
2734,120.76
2735,120.77
2736,120.78
2737,120.78
2738,120.78
2739,120.78
2740,120.78
2741,120.77
2742,120.76
2743,120.76
2744,120.78
2745,120.8
2746,120.82
2747,120.82
2748,120.81
2749,120.82
2750,120.83
2751,120.82
2752,120.81
2753,120.81
2754,120.82
2755,120.82
2756,120.8
2757,120.8
2758,120.81
2759,120.8
2760,120.82
2761,120.82
2762,120.81
2763,120.82
2764,120.82
2765,120.82
2766,120.81
2767,120.82
2768,120.82
2769,120.83
2770,120.82
2771,120.84
2772,120.86
2773,120.86
2774,120.86
2775,120.84
2776,120.83
2777,120.84
2778,120.84
2779,120.83
2780,120.83
2781,120.84
2782,120.85
2783,120.86
2784,120.87
2785,120.87
2786,120.88
2787,120.88
2788,120.89
2789,120.89
2790,120.88
2791,120.87
2792,120.87
2793,120.89
2794,120.88
2795,120.87
2796,120.87
2797,120.89
2798,120.89
2799,120.89
2800,120.89
2801,120.9
2802,120.9
2803,120.9
2804,120.92
2805,120.91
2806,120.93
2807,120.93
2808,120.92
2809,120.92
2810,120.92
2811,120.9
2812,120.93
2813,120.94
2814,120.93
2815,120.93
2816,120.93
2817,120.93
2818,120.93
2819,120.94
2820,120.94
2821,120.93
2822,120.94
2823,120.94
2824,120.96
2825,120.94
2826,120.95
2827,120.93
2828,120.93
2829,120.94
2830,120.96
2831,120.97
2832,120.96
2833,120.97
2834,120.97
2835,120.98
2836,120.96
2837,120.96
2838,120.97
2839,120.97
2840,120.97
2841,120.97
2842,120.98
2843,120.97
2844,120.97
2845,120.98
2846,120.97
2847,120.97
2848,120.98
2849,120.98
2850,120.98
2851,120.98
2852,120.98
2853,120.99
2854,121.0
2855,121.0
2856,121.0
2857,120.98
2858,120.99
2859,120.99
2860,120.98
2861,120.98
2862,120.98
2863,120.99
2864,120.99
2865,120.97
2866,120.98
2867,120.98
2868,120.99
2869,121.01
2870,120.99
2871,121.01
2872,121.0
2873,121.0
2874,121.0
2875,121.0
2876,121.01
2877,121.01
2878,121.02
2879,121.01
2880,121.02
2881,121.0
2882,121.01
2883,121.0
2884,121.01
2885,121.0
2886,120.99
2887,121.0
2888,121.0
2889,121.0
2890,120.99
2891,121.02
2892,121.02
2893,121.0
2894,121.01
2895,121.02
2896,121.01
2897,121.0
2898,121.03
2899,121.02
2900,121.02
2901,121.03
2902,121.02
2903,121.01
2904,121.01
2905,121.01
2906,121.01
2907,121.01
2908,121.02
2909,121.02
2910,121.03
2911,121.03
2912,121.03
2913,121.04
2914,121.05
2915,121.05
2916,121.04
2917,121.05
2918,121.06
2919,121.06
2920,121.03
2921,121.03
2922,121.04
2923,121.05
2924,121.06
2925,121.08
2926,121.08
2927,121.07
2928,121.07
2929,121.07
2930,121.06
2931,121.05
2932,121.04
2933,121.06
2934,121.07
2935,121.06
2936,121.06
2937,121.06
2938,121.08
2939,121.07
2940,121.06
2941,121.06
2942,121.08
2943,121.08
2944,121.08
2945,121.08
2946,121.07
2947,121.07
2948,121.07
2949,121.07
2950,121.07
2951,121.07
2952,121.06
2953,121.08
2954,121.07
2955,121.07
2956,121.09
2957,121.08
2958,121.1
2959,121.11
2960,121.11
2961,121.1
2962,121.11
2963,121.1
2964,121.11
2965,121.11
2966,121.11
2967,121.12
2968,121.11
2969,121.11
2970,121.12
2971,121.11
2972,121.11
2973,121.11
2974,121.12
2975,121.12
2976,121.12
2977,121.12
2978,121.13
2979,121.11
2980,121.12
2981,121.14
2982,121.15
2983,121.13
2984,121.15
2985,121.15
2986,121.16
2987,121.13
2988,121.15
2989,121.15
2990,121.18
2991,121.16
2992,121.15
2993,121.14
2994,121.15
2995,121.15
2996,121.14
2997,121.15
2998,121.16
2999,121.15
3000,121.17
3001,121.16
3002,121.17
3003,121.17
3004,121.17
3005,121.17
3006,121.17
3007,121.19
3008,121.2
3009,121.19
3010,121.18
3011,121.19
3012,121.19
3013,121.19
3014,121.18
3015,121.17
3016,121.17
3017,121.17
3018,121.17
3019,121.18
3020,121.19
3021,121.19
3022,121.18
3023,121.19
3024,121.19
3025,121.18
3026,121.2
3027,121.19
3028,121.2
3029,121.2
3030,121.21
3031,121.2
3032,121.21
3033,121.22
3034,121.23
3035,121.23
3036,121.22
3037,121.21
3038,121.22
3039,121.23
3040,121.22
3041,121.24
3042,121.24
3043,121.23
3044,121.22
3045,121.23
3046,121.23
3047,121.24
3048,121.24
3049,121.24
3050,121.24
3051,121.24
3052,121.23
3053,121.25
3054,121.26
3055,121.24
3056,121.25
3057,121.25
3058,121.23
3059,121.23
3060,121.24
3061,121.23
3062,121.22
3063,121.24
3064,121.24
3065,121.25
3066,121.25
3067,121.25
3068,121.25
3069,121.23
3070,121.25
3071,121.26
3072,121.26
3073,121.27
3074,121.26
3075,121.26
3076,121.26
3077,121.26
3078,121.26
3079,121.28
3080,121.27
3081,121.26
3082,121.27
3083,121.27
3084,121.27
3085,121.26
3086,121.26
3087,121.25
3088,121.26
3089,121.27
3090,121.28
3091,121.27
3092,121.28
3093,121.28
3094,121.28
3095,121.28
3096,121.29
3097,121.3
3098,121.28
3099,121.29
3100,121.29
3101,121.27
3102,121.27
3103,121.28
3104,121.28
3105,121.29
3106,121.28
3107,121.27
3108,121.27
3109,121.28
3110,121.28
3111,121.28
3112,121.3
3113,121.3
3114,121.3
3115,121.3
3116,121.31
3117,121.3
3118,121.32
3119,121.31
3120,121.31
3121,121.3
3122,121.29
3123,121.29
3124,121.31
3125,121.31
3126,121.3
3127,121.28
3128,121.29
3129,121.28
3130,121.28
3131,121.27
3132,121.26
3133,121.25
3134,121.25
3135,121.25
3136,121.26
3137,121.24
3138,121.23
3139,121.24
3140,121.24
3141,121.23
3142,121.23
3143,121.23
3144,121.22
3145,121.21
3146,121.2
3147,121.19
3148,121.2
3149,121.19
3150,121.18
3151,121.18
3152,121.18
3153,121.18
3154,121.18
3155,121.16
3156,121.16
3157,121.15
3158,121.15
3159,121.13
3160,121.11
3161,121.12
3162,121.12
3163,121.11
3164,121.09
3165,121.09
3166,121.08
3167,121.05
3168,121.04
3169,121.04
3170,121.04
3171,121.04
3172,121.03
3173,121.02
3174,121.02
3175,121.02
3176,121.03
3177,121.0
3178,120.98
3179,120.96
3180,120.96
3181,120.95
3182,120.96
3183,120.95
3184,120.93
3185,120.94
3186,120.94
3187,120.93
3188,120.92
3189,120.92
3190,120.89
3191,120.88
3192,120.88
3193,120.86
3194,120.85
3195,120.85
3196,120.84
3197,120.83
3198,120.81
3199,120.81
3200,120.8
3201,120.79
3202,120.76
3203,120.76
3204,120.75
3205,120.73
3206,120.72
3207,120.72
3208,120.7
3209,120.7
3210,120.69
3211,120.68
3212,120.67
3213,120.65
3214,120.64
3215,120.62
3216,120.61
3217,120.59
3218,120.58
3219,120.57
3220,120.56
3221,120.55
3222,120.54
3223,120.51
3224,120.5
3225,120.48
3226,120.46
3227,120.45
3228,120.45
3229,120.45
3230,120.43
3231,120.4
3232,120.39
3233,120.39
3234,120.37
3235,120.37
3236,120.36
3237,120.36
3238,120.36
3239,120.34
3240,120.31
3241,120.3
3242,120.28
3243,120.24
3244,120.24
3245,120.24
3246,120.23
3247,120.22
3248,120.2
3249,120.17
3250,120.16
3251,120.16
3252,120.13
3253,120.12
3254,120.1
3255,120.11
3256,120.09
3257,120.08
3258,120.07
3259,120.07
3260,120.06
3261,120.04
3262,120.03
3263,120.01
3264,120.01
3265,120.02
3266,120.0
3267,120.0
3268,119.97
3269,119.96
3270,119.95
3271,119.93
3272,119.94
3273,119.92
3274,119.9
3275,119.9
3276,119.88
3277,119.86
3278,119.85
3279,119.83
3280,119.81
3281,119.79
3282,119.79
3283,119.79
3284,119.77
3285,119.77
3286,119.75
3287,119.75
3288,119.74
3289,119.73
3290,119.73
3291,119.71
3292,119.7
3293,119.69
3294,119.68
3295,119.67
3296,119.67
3297,119.67
3298,119.65
3299,119.64
3300,119.63
3301,119.61
3302,119.59
3303,119.58
3304,119.57
3305,119.57
3306,119.55
3307,119.54
3308,119.54
3309,119.53
3310,119.51
3311,119.51
3312,119.48
3313,119.48
3314,119.47
3315,119.47
3316,119.46
3317,119.44
3318,119.42
3319,119.41
3320,119.4
3321,119.38
3322,119.37
3323,119.36
3324,119.35
3325,119.33
3326,119.31
3327,119.29
3328,119.28
3329,119.27
3330,119.25
3331,119.25
3332,119.22
3333,119.21
3334,119.2
3335,119.2
3336,119.17
3337,119.15
3338,119.14
3339,119.13
3340,119.1
3341,119.08
3342,119.06
3343,119.06
3344,119.04
3345,119.02
3346,119.01
3347,119.01
3348,118.99
3349,118.99
3350,118.98
3351,118.94
3352,118.94
3353,118.93
3354,118.92
3355,118.92
3356,118.91
3357,118.89
3358,118.87
3359,118.86
